{
    "SRxTitle": "Search Health Reports (SRx)",
    "SRxVersion": "2018.8.17.3",
    "SRxHash": "A6DC3D66F981310A4188FF25367BC7E6F57FA7132C79A2AB57424107CCF21477",
    "Paths": {
        "Config": ".\\etc",
        "Log": ".\\var\\log",
        "Modules": ".\\Modules",
        "Resources": ".\\lib",
        "Scripts": ".\\lib\\Scripts",
        "Tests": ".\\lib\\Tests",
        "Tmp": ".\\var\\tmp",
        "Tools": ".\\lib\\Tools",
        "TSQL": ".\\lib\\TSQL"
    },
    "Log": {
        "Level": "INFO",
        "RetentionDays": 90,
        "RetentionBytes": 1048576000,
        "ToFile": true
    },
    "UI":  {
        "MinHeight": 10000,
        "MinWidth": 125
    },
    "PostInitScript": ".\\lib\\Scripts\\postSRxInitialization.ps1"
}


